input_student,output_tutor,Socratic Alignment Metric (Escala UFRJ) [GEval] (Score),Socratic Alignment Metric (Escala UFRJ) [GEval] (Success),Socratic Alignment Metric (Escala UFRJ) [GEval] (Reasoning),Scaffolding Effectiveness Metric [GEval] (Score),Scaffolding Effectiveness Metric [GEval] (Success),Scaffolding Effectiveness Metric [GEval] (Reasoning),Computational Thinking Progression Metric [GEval] (Score),Computational Thinking Progression Metric [GEval] (Success),Computational Thinking Progression Metric [GEval] (Reasoning),Contextual Relevancy Metric [GEval] (Score),Contextual Relevancy Metric [GEval] (Success),Contextual Relevancy Metric [GEval] (Reasoning)
"Nossa, agora consegui ver o panorama completo da Decomposiçã...",Essa estrutura está excelente e muito precisa! Você mapeou p...,0.5,False,"O tutor evitou entregar a resposta, utilizou perguntas encadeadas para promover o raciocínio sobre estruturas de dados e...",1.0,True,"The tutor successfully validated the student's decomposition, transitioned to the pattern recognition stage, and used a ...",1.0,True,"The tutor successfully validated the student's decomposition work, ensured no foundational steps were skipped, and trans...",1.0,True,"The tutor correctly validates the student's decomposition work, aligns with the current pattern recognition stage, and e..."
"Olá! Nossa, que legal! Eu estava super ansiosa para começar ...",É excelente ver esse entusiasmo e o uso de conceitos importa...,0.5,False,"O tutor seguiu uma abordagem excelente ao não entregar a solução, utilizando perguntas abertas e encadeadas para guiar o...",1.0,True,The tutor correctly identified the decomposition stage from the retrieval context and guided the student to break the pr...,1.0,True,"The tutor successfully builds upon the student's prior knowledge of FIFO and data identification, transitioning naturall...",1.0,True,The tutor correctly identifies the current Computational Thinking stage of decomposition and guides the student to break...
"Nossa, mas olha só, eu já respondi a sua pergunta anterior s...",Eu entendo perfeitamente a vontade de ver o código rodando e...,0.5,False,"O tutor manteve a abordagem socrática, evitando entregar o código pronto e incentivando a reflexão sobre a lógica de man...",1.0,True,The tutor successfully addressed the student's frustration while maintaining the pedagogical approach. It correctly iden...,1.0,True,"The tutor successfully builds upon the student's previous input regarding list operations, maintains the Socratic method...",1.0,True,The tutor effectively addresses the student's frustration while maintaining the pedagogical approach. It correctly lever...
"Nossa, eu acabei misturando um pouco as bolas e fui longe de...",Perfeito! Você capturou o coração da regra de negócio (o pad...,0.5,False,O tutor validou o entendimento do aluno sobre o padrão FIFO e propôs uma pergunta aberta e reflexiva para a próxima etap...,1.0,True,The tutor successfully validated the student's correct identification of the FIFO pattern and the core logic of the queu...,1.0,True,"The tutor successfully validates the student's understanding of the FIFO pattern, acknowledges the completion of the cur...",1.0,True,The tutor correctly acknowledges the student's successful completion of the Pattern Recognition stage and transitions ap...
"Uau, exatamente isso! Você capturou o conceito principal per...","Se você tivesse que explicar esse desafio para uma criança, ...",0.5,False,"The tutor effectively uses open-ended, guiding questions to prompt the student to think about abstraction without provid...",1.0,True,The tutor successfully transitioned to the abstraction stage by using a pedagogical analogy (the map) to help the studen...,0.3,False,The actual output fails to build upon the specific context of the bank queue system established in the input. While it a...,0.2,False,The response fails to address the specific context of the bank queue system defined in the Blackboard artifacts. Instead...
Eu entendo totalmente a sua ansiedade e vontade de ver o cód...,"Entendo o seu raciocínio, mas vamos ajustar o foco! Detalhes...",0.5,False,"The tutor effectively guides the student by correcting misconceptions without providing the code. By asking targeted, op...",1.0,True,The tutor successfully corrected the previous pedagogical error by steering the student away from irrelevant physical de...,1.0,True,"The tutor effectively corrects the student's misconception regarding irrelevant data, successfully guiding them toward t...",1.0,True,"The tutor correctly identifies the pattern stage, steers the student away from irrelevant physical details (color of the..."
"Nossa, eu acabei me empolgando tanto com a ideia de deixar o...",Calma lá! Você incluiu de novo vários detalhes que combinamo...,0.4,False,"O tutor utilizou perguntas encadeadas e guiadas para levar o aluno a identificar as variáveis corretas, evitando entrega...",1.0,True,"The tutor successfully identified the extraneous noise in the student's input, redirected the focus to the core variable...",1.0,True,The tutor effectively builds on the previously established constraints by identifying the student's deviation from the d...,1.0,True,"The tutor correctly identifies that the student introduced irrelevant features, aligns perfectly with the Blackboard's c..."
"Nossa, eu acho que para a abstração ficar bem completa, a ge...","Ops! Vamos lembrar das regras do nosso projeto (a nossa ""Abs...",0.4,False,The tutor effectively redirects the student to the core requirements without providing the solution itself. By asking th...,1.0,True,"The tutor correctly identified the student's attempt to include irrelevant data, reinforced the core variables defined i...",1.0,True,The tutor effectively maintains the abstraction boundaries established in the Blackboard artifacts by rejecting irreleva...,1.0,True,"The tutor correctly identifies the abstraction boundaries defined in the Blackboard, explicitly rejecting the student's ..."
"Nossa, agora entendi bem o que é a abstração! Se formos filt...",Exatamente! Você isolou perfeitamente o essencial. Ignoramos...,0.4,False,"O tutor validou o raciocínio do aluno de forma direta, mas manteve o foco pedagógico ao propor uma nova etapa de constru...",1.0,True,"The tutor successfully validated the student's abstraction, confirmed the core variables, and transitioned to the algori...",1.0,True,"The tutor successfully validates the student's abstraction, builds upon the previously established concepts, and transit...",1.0,True,"The tutor correctly validates the student's abstraction, aligns with the current 'algorithm' stage, and uses the blackbo..."
"Olá! Nossa, eu estou super animada para aprender a criar ess...",Que ótimo ver todo esse entusiasmo e a sua percepção sobre a...,0.5,False,"The tutor effectively uses the concept of decomposition to guide the student, avoids giving the solution directly, and a...",1.0,True,"The tutor correctly identified the current stage as decomposition, as indicated in the retrieval context, and successful...",1.0,True,"The tutor correctly builds upon the student's previous identification of abstraction and patterns, transitions logically...",1.0,True,"The tutor correctly identifies the current Computational Thinking stage as decomposition, directly addresses the student..."
"Nossa, eu estive pensando bastante sobre tudo o que conversa...",Exatamente! Você quebrou o problema de forma impecável. Essa...,0.5,False,"O tutor seguiu a diretriz de não entregar a resposta, utilizando uma pergunta aberta e encadeada para estimular o racioc...",1.0,True,The tutor correctly identified that the student completed the decomposition stage and successfully transitioned to the n...,1.0,True,"The tutor successfully validates the student's decomposition, maintains continuity by referencing the specific subtasks ...",1.0,True,"The tutor correctly validates the student's decomposition work and transitions to the next Computational Thinking stage,..."
"Opa, parece que aqueles detalhes extras ainda estão atrapalh...",Parabéns! Você chegou ao final desta jornada de Computação c...,0.0,False,"O tutor não realizou perguntas para estimular o raciocínio do aluno, optando por fornecer um relatório de conclusão que ...",1.0,True,The tutor successfully consolidated the student's work by mapping it to the four pillars of computational thinking as re...,0.7,False,"The tutor successfully consolidated the student's work by mapping it to the four pillars of Computational Thinking, demo...",1.0,True,The tutor successfully concludes the session by synthesizing the student's progress across all four pillars of computati...
"Uau, Ana! Sua decomposição ficou simplesmente perfeita! Você...",(Note: The user seems to have pasted a response that sounds ...,0.5,False,"The tutor effectively uses open-ended, chained questions to guide the student toward identifying patterns in data struct...",1.0,True,The tutor successfully transitions to the pattern recognition stage by asking the student to identify similarities betwe...,1.0,True,"The tutor successfully builds upon the previously established decomposition, maintains a coherent transition to the patt...",1.0,True,The tutor correctly identifies the current Computational Thinking stage as pattern recognition and effectively uses the ...
"Nossa, eu estive pensando bastante sobre tudo isso e agora a...",Excelente! Você capturou perfeitamente o padrão: processamen...,0.5,False,"O tutor seguiu a abordagem de nota 5, pois não entregou a solução, validou o raciocínio do aluno e utilizou perguntas ab...",1.0,True,The tutor successfully transitioned to the Abstraction stage as required by the context. It effectively reformulated the...,1.0,True,"The tutor successfully validates the student's understanding of Pattern Recognition, maintains a logical flow by transit...",1.0,True,The tutor correctly validates the student's understanding of the Pattern Recognition stage and transitions smoothly to t...
"Nossa, que legal! Pensando nisso, eu imagino que para cada c...","Você identificou muito bem os dados do cliente (nome, senha,...",0.5,False,"The tutor effectively uses open-ended, chained questions to guide the student toward identifying the underlying data str...",1.0,True,The tutor successfully addresses the pattern recognition stage by prompting the student to identify commonalities across...,1.0,True,The tutor successfully builds on the student's previous identification of data attributes by transitioning to the next l...,1.0,True,The tutor successfully validates the student's input regarding data attributes and transitions the conversation to the '...
"Nossa, pensando bem sobre a Abstração, acho que a cor da blu...",Perfeito! Exatamente isso. Você isolou o que importa e desca...,0.4,False,The tutor validates the student's correct reasoning and then guides them to the next step by asking open-ended questions...,1.0,True,The tutor correctly validated the student's understanding of abstraction by confirming the identified core variables and...,1.0,True,"The tutor successfully validates the student's understanding of Abstraction, confirms the transition to the Algorithmic ...",1.0,True,"The tutor correctly validates the student's understanding of abstraction, aligns with the blackboard's core variables, a..."
Exatamente isso! Você pegou o espírito da Abstração direitin...,*(Aviso do Avaliador Interno: O texto anterior enviado pelo ...,0.5,False,"The tutor effectively avoids providing the solution, uses open-ended questions to guide the student, and enforces the co...",1.0,True,"The tutor successfully addressed the feedback by shifting the focus back to the student, explicitly reinforcing the abst...",1.0,True,The tutor successfully builds on the previously established concept of Abstraction by explicitly referencing the allowed...,1.0,True,The tutor correctly identified that the previous input was not from the student and successfully redirected the session ...
"Nossa, adorei essa analogia! É muito verdade: a ideia de col...","Calma, você está quase lá! Mas antes de criarmos os passos d...",0.5,False,"O tutor seguiu uma abordagem excelente ao não entregar a solução, utilizando uma pergunta aberta e profunda sobre abstra...",1.0,True,The tutor correctly identified that the student was moving too quickly to the algorithm stage and successfully redirecte...,1.0,True,"The tutor correctly identifies that the abstraction stage was not fully consolidated, preventing a premature transition ...",1.0,True,"The tutor correctly identifies that the current Computational Thinking stage is Abstraction, effectively redirecting the..."
"Olá! Nossa, que legal! Eu estava super ansiosa para começarm...",Você está absolutamente no caminho certo! A emissão de senha...,0.4,False,"O tutor adotou uma abordagem de raciocínio guiado, utilizando perguntas encadeadas sobre entradas e saídas para estimula...",1.0,True,The tutor effectively guides the student through the decomposition stage by breaking down the identified task into input...,1.0,True,"The tutor effectively validates the student's initial decomposition of the problem, maintains continuity by building on ...",1.0,True,"The tutor correctly identifies the student's focus on decomposition, validates their logic regarding queue management, a..."
"Nossa, sim! Pegar a senha e guardar na ordem certinha é esse...","Excelente! Você fez uma decomposição fantástica, dividindo o...",0.5,False,"The tutor provides excellent guidance by validating the student's work and using a deep, open-ended question to prompt f...",1.0,True,The tutor successfully validated the student's decomposition and transitioned to the next pedagogical step by isolating ...,1.0,True,"The tutor successfully validates the student's decomposition, maintains continuity by building on the previous pillar, a...",1.0,True,"The tutor correctly validates the student's decomposition, maintains focus on the current stage, and transitions appropr..."
"Nossa, que empolgação! Eu adorei essa parte de montar os pas...",Parabéns! Você construiu uma lógica impecável e totalmente i...,0.0,False,"O tutor falhou em seguir a metodologia de ensino socrático. Em vez de fazer perguntas para guiar o aluno, ele forneceu u...",0.0,False,The tutor failed to follow the evaluation steps. Instead of reformulating the inquiry or introducing a pedagogical analo...,0.2,False,"The tutor failed to provide a Socratic guiding question as expected, instead prematurely concluding the session with a f...",1.0,True,The tutor correctly identified that the Computational Thinking stage was completed and provided a comprehensive summary ...
"Puxa, muito obrigada pelos elogios! Fiquei super feliz que a...",[]...,0.0,False,"The actual output is an empty list, which fails to provide any tutoring, guidance, or response to the user's input, resu...",0.0,False,"The actual output is empty, meaning the tutor failed to provide any response to the student's input. Consequently, the t...",0.0,False,"The actual output is an empty list, failing to provide the required Socratic guiding question to advance the student's u...",0.0,False,"The actual output is an empty list, failing to provide any response to the student's input or engage with the current co..."
"Nossa, que legal! Eu acabei me confundindo um pouquinho e re...",Você pegou perfeitamente o espírito da independência das tar...,0.4,False,"O tutor validou o raciocínio do aluno e fez uma pergunta aberta para guiar o próximo passo, mantendo o foco no pensament...",1.0,True,The tutor successfully validated the student's understanding of task independence and pattern recognition without reveal...,0.6,False,"The tutor successfully validates the student's previous work on decomposition and pattern recognition. However, it fails...",0.7,True,The tutor correctly validates the student's understanding of task independence and acknowledges the identified patterns....
"Nossa, Ana! Essa sua decomposição ficou absolutamente perfei...",Parece que você acabou respondendo com uma fala de tutor ou ...,0.4,False,"The tutor effectively uses open-ended, guided questions to prompt the student to analyze the independence of a specific ...",0.2,False,"The tutor failed to follow the evaluation steps because it ignored the current stage of decomposition, instead attemptin...",0.2,False,"The tutor failed to transition to the Pattern Recognition stage as instructed in the input, instead reverting to a quest...",0.2,False,"The tutor's response fails to align with the current CT stage of decomposition, as it incorrectly attempts to move into ..."
"Nossa, eu acabei me empolgando de novo e invertendo os papéi...",[]...,0.0,False,"The actual output is empty, meaning the tutor failed to provide any response or guidance to the student's input, resulti...",0.0,False,"The actual output is an empty list, failing to provide any response to the student's inquiry or address the pedagogical ...",0.0,False,"The actual output is an empty list, failing to provide the expected Socratic guiding question required to advance the st...",0.0,False,"The actual output is an empty list, failing to address the student's input or engage with the current decomposition stag..."
"Nossa, que trabalho impecável! Você detalhou a Decomposição ...",Parece que você está novamente assumindo o papel de tutor! V...,0.5,False,"O tutor utiliza uma pergunta aberta e relevante para guiar o raciocínio do aluno sobre estruturas de dados, sem entregar...",0.2,False,"The tutor failed to follow the evaluation feedback, which indicated the current stage is still decomposition. Instead of...",0.2,False,The tutor failed to build upon the previously consolidated concepts of Decomposition and Patterns as requested in the in...,0.0,False,"The response fails to align with the current Computational Thinking stage of decomposition, instead introducing a new to..."
"Oi! Nossa, eu me empolguei tanto com o reconhecimento de pad...",Sua decomposição ficou excelente! Você detalhou perfeitament...,0.4,False,"O tutor validou o trabalho do aluno e propôs uma pergunta aberta e relevante para guiar o próximo passo do raciocínio, s...",1.0,True,The tutor correctly validated the student's successful completion of the decomposition stage and transitioned to the nex...,1.0,True,"The tutor successfully validated the student's decomposition, maintained continuity by referencing the previously establ...",1.0,True,"The tutor correctly validated the student's decomposition work, confirmed the completion of the current stage, and appro..."
"Que legal, agora entendi perfeitamente o que precisamos faze...",Excelente! Essa lista de subtarefas está maravilhosa e cobre...,0.5,False,"The tutor validates the student's progress and uses a targeted, open-ended question to guide the student to refine their...",1.0,True,The tutor effectively validates the student's decomposition work and uses a pedagogical approach by isolating the 'Enfil...,1.0,True,"The tutor successfully validates the student's decomposition work, maintains continuity by focusing on a specific subtas...",1.0,True,"The tutor correctly identifies the current stage of decomposition, validates the student's proposed subtasks, and focuse..."
"Nossa, agora percebi que respondi sobre a etapa errada na me...",Parece que você acabou respondendo com uma solução completa ...,0.5,False,The tutor effectively redirects the student from providing a full solution back to the decomposition phase. By asking sp...,1.0,True,The tutor correctly identified that the student provided a full algorithm instead of focusing on the decomposition stage...,1.0,True,"The tutor correctly identifies that the student jumped ahead to the algorithm stage, effectively enforcing the foundatio...",1.0,True,The tutor correctly identified that the student jumped ahead to the Algorithm stage and successfully redirected the stud...
"Isso mesmo, Ana! Você pegou o espírito da **Abstração** de f...",Sem problemas! Acontece com a empolgação. Vamos voltar o foc...,0.5,False,The tutor effectively uses open-ended questions to guide the student toward identifying the correct data structure witho...,0.2,False,The tutor failed to address the current stage of the Pensamento Computacional framework. While the input correctly ident...,0.2,False,The actual output fails to follow the tutor's previous instruction to move to the Algoritmo stage. Instead of guiding th...,0.2,False,"The response fails to align with the current Computational Thinking stage of decomposition, instead jumping to data stru..."
"Que trabalho incrível, Ana! Você conseguiu detalhar a **Deco...","Você continuou assumindo o papel de tutor na sua mensagem, m...",0.0,False,"O tutor falhou em seguir a estratégia de ensino, pois não realizou a pergunta encadeada proposta no input para guiar o a...",0.2,False,The tutor failed to follow the pedagogical instruction to guide the student to the next step of Computational Thinking. ...,0.4,False,The actual output fails to include the Socratic guiding question required by the expected output. While it acknowledges ...,0.4,False,The response fails to advance the tutoring session as requested in the input. While it acknowledges the completion of th...
"Uau, adorei a sua pergunta sobre a estrutura de dados! Para ...",Você acertou em cheio! A estrutura de Fila (FIFO) é exatamen...,0.4,False,"O tutor demonstra um bom nível de mediação ao evitar dar a resposta da subtarefa e, em vez disso, utiliza perguntas enca...",1.0,True,The tutor successfully transitioned to the decomposition stage by focusing on the specific subtask of enqueuing. It corr...,1.0,True,The tutor successfully builds upon the previously established concept of the Queue structure and transitions naturally i...,1.0,True,The tutor correctly identifies the current Computational Thinking stage (decomposition) and guides the student to define...
Peço desculpas pela confusão anterior! Como alcancei a compr...,Perfeito! Você concluiu a decomposição com maestria. Temos t...,0.0,False,"O tutor falhou em aplicar o método socrático, validando a resposta do aluno sem realizar perguntas que estimulassem a re...",0.2,False,"The tutor failed to provide pedagogical guidance or challenge the student's work, instead prematurely validating the dec...",0.3,False,"The tutor failed to provide a Socratic guiding question to transition to the next stage, instead asking the student what...",1.0,True,"The tutor correctly identified that the student completed the decomposition stage, validated the work, and appropriately..."
"Nossa, que legal! Eu estive pensando bastante sobre tudo o q...",Você fez um trabalho excelente ao listar todas essas subtare...,0.5,False,The tutor provides positive reinforcement and guides the student to refine their understanding of a specific subtarefa t...,1.0,True,The tutor correctly identifies the decomposition stage and focuses the student on refining the specific inputs and outpu...,1.0,True,"The tutor successfully builds on the student's decomposition work, maintains a coherent transition by focusing on a spec...",1.0,True,The tutor correctly identifies the current stage of decomposition and validates the student's work. It maintains focus o...
"Olá! Nossa, que legal! Estou super animada para aprender a c...",Que ótima energia! É exatamente esse o espírito para aprende...,0.5,False,"O tutor seguiu a abordagem de ensino socrático, evitando entregar a solução ou código. Ele validou o raciocínio inicial ...",1.0,True,"The tutor correctly identified the decomposition stage, avoided giving the solution, and guided the student to define in...",1.0,True,"The tutor successfully builds upon the student's initial concept of a queue, maintains a coherent transition by focusing...",1.0,True,"The tutor correctly identifies the decomposition stage, focuses on the student's suggestion of organizing the queue, and..."
"Nossa, Ana! Estou simplesmente impressionado! Você fez uma d...",Parece que você acabou assumindo o meu papel por um instante...,0.4,False,"The tutor effectively guides the student back to the current task of decomposition by asking specific, open-ended questi...",1.0,True,"The tutor correctly identified that the student had not yet completed the decomposition stage, as indicated by the retri...",1.0,True,"The actual output correctly identifies that the decomposition stage was not yet fully completed, demonstrating adherence...",1.0,True,"The tutor correctly identifies that the current stage is Decomposition, as specified in the retrieval context, and redir..."
"Nossa, eu me empolguei tanto com a conversa anterior que aca...",Perfeito! Agora que temos todas essas peças claramente mapea...,0.5,False,"O tutor seguiu uma abordagem excelente ao evitar entregar a resposta diretamente, utilizando uma pergunta aberta e encad...",1.0,True,The tutor successfully transitioned to the next stage of Computational Thinking (pattern recognition) as indicated by th...,1.0,True,"The tutor successfully builds upon the previously established decomposition, acknowledges the blackboard artifacts, and ...",1.0,True,The tutor successfully transitioned to the next Computational Thinking stage (Pattern Recognition) as indicated by the c...
"Uau, olhar para essa lista completa de inputs e outputs da n...",Com certeza! O reconhecimento do padrão **FIFO** foi uma sac...,0.5,False,"The tutor effectively uses open-ended, guiding questions to help the student connect the FIFO pattern to real-world scen...",1.0,True,The tutor successfully addressed the current stage of pattern recognition by guiding the student to connect the FIFO log...,1.0,True,"The tutor effectively builds on the student's identified FIFO pattern, maintains a logical flow by ensuring the pattern ...",1.0,True,The tutor correctly identifies the current stage as Pattern Recognition and leverages the Blackboard artifacts by refere...
AAAAAEEEEE! Que alegria saber que acertei a decomposição! Fi...,Admiro muito o seu entusiasmo e a profundidade da sua anális...,0.5,False,"O tutor agiu corretamente ao não validar ou corrigir diretamente a análise de padrões do aluno, mantendo o foco na etapa...",1.0,True,The tutor correctly identified that the student jumped ahead to pattern recognition and successfully redirected the stud...,1.0,True,The tutor correctly identifies that the student prematurely moved to pattern recognition before fully completing the dec...,1.0,True,The tutor correctly identifies that the student jumped ahead to the Recognition of Patterns stage and redirects them bac...
"Sim, totalmente! Pensando em situações do dia a dia, esse pa...",Excelente analogia com a padaria e a farmácia! E você acerto...,0.5,False,"O tutor demonstra um excelente uso de perguntas encadeadas e guiadas, evitando entregar a solução diretamente. Ele utili...",1.0,True,The tutor successfully transitioned to the Abstraction stage by introducing a pedagogical analogy involving a bank setti...,1.0,True,"The tutor successfully builds upon the student's identified pattern of a queue, maintains a logical flow from the patter...",1.0,True,"The tutor effectively validates the student's pattern recognition, aligns perfectly with the current Abstraction stage, ..."
"Nossa, com certeza! A padaria e a farmácia são exemplos perf...",Essa é uma ótima oportunidade para revisarmos o conceito de ...,0.4,False,"O tutor utiliza perguntas encadeadas para guiar o aluno a identificar o que é relevante na abstração, evitando dar a res...",1.0,True,The tutor effectively addressed the student's misconception about abstraction by using a pedagogical analogy to distingu...,1.0,True,The tutor effectively guides the student through the abstraction process by challenging the inclusion of irrelevant deta...,1.0,True,"The tutor correctly identifies the abstraction stage, uses the blackboard context to guide the student away from irrelev..."
"Nossa, eu acabei me empolgando um pouco e listando coisas de...","Exatamente! Você foi cirúrgica agora. 

Eliminamos os ruídos...",0.4,False,The tutor effectively validates the student's reasoning and guides them to the next step using open-ended questions with...,1.0,True,"The tutor successfully validated the student's identification of core variables, confirmed the removal of noise, and tra...",1.0,True,"The tutor successfully validates the student's abstraction process, confirms the transition from Abstraction to Algorith...",1.0,True,"The tutor correctly validates the student's abstraction process, confirms the core variables identified, and successfull..."
Exatamente! Você captou a essência da Abstração de forma bri...,Parece que você repetiu uma etapa anterior sobre a decomposi...,0.4,False,"The tutor effectively guides the student through the algorithmic design process using chained, open-ended questions. It ...",1.0,True,The tutor correctly identified that the student had already moved past the decomposition stage and successfully transiti...,0.2,False,"The actual output fails to follow the pedagogical flow established in the input, which explicitly introduces Decomposiçã...",1.0,True,The tutor correctly identifies the current Computational Thinking stage as 'algorithm' based on the context. It effectiv...
"Nossa, entendi perfeitamente agora! A Decomposição é aquela ...","Você voltou a falar sobre a decomposição, mas lembre-se: ess...",0.4,False,"The tutor effectively guides the student to transition from decomposition to algorithm design by asking specific, sequen...",1.0,True,The tutor correctly identified that the student was repeating the decomposition stage and successfully pivoted the conve...,1.0,True,"The tutor successfully acknowledges the student's previous work on decomposition, transitions naturally to the next stag...",1.0,True,The tutor correctly identifies that the student is revisiting the decomposition stage and successfully pivots the conver...
Com certeza! Você está absolutamente certa sobre a nossa div...,"Parabéns! Você construiu uma solução fantástica, estruturada...",0.0,False,"O tutor forneceu a solução completa e o resumo do algoritmo, não fazendo perguntas para estimular o raciocínio do aluno,...",0.0,False,The tutor failed to follow the evaluation steps. Instead of addressing conceptual gaps or reformulating the inquiry to g...,0.5,False,"The tutor failed to provide a Socratic guiding question as requested in the expected output, instead opting to conclude ...",1.0,True,The tutor's response effectively concludes the tutoring session by summarizing the entire Computational Thinking process...
"Entendi, foi mal pela pressa. Olhando direito para a etapa d...","Excelente! Com essa estrutura clara em mãos, o problema deix...",0.5,False,"O tutor seguiu a abordagem de nota 5, utilizando apenas perguntas abertas e encadeadas para estimular a reflexão do alun...",1.0,True,The tutor successfully transitioned the student to the pattern recognition stage by referencing the decomposed subtasks ...,1.0,True,"The tutor successfully builds upon the student's decomposition, maintains a logical flow by transitioning to the next st...",1.0,True,The tutor correctly acknowledges the student's decomposition work and transitions to the next Computational Thinking sta...
Essa estrutura ficou excelente! Você dividiu o problema de f...,"Olha só, parece que você acabou assumindo o meu papel por um...",0.5,False,"The tutor demonstrates excellent pedagogical practice by avoiding direct answers and instead using deep, chained, and op...",1.0,True,The tutor successfully transitioned to the pattern recognition stage by using relatable analogies like playlists and car...,1.0,True,The tutor effectively builds upon the previously established decomposition by referencing the student's listed subtarefa...,1.0,True,The tutor effectively transitions to the Pattern Recognition stage by prompting the student to identify commonalities be...
"Ah, sério? Olha, toda vez essa mesma história de ficar fazen...",Eu entendo perfeitamente a sua pressa e o desejo de ver o có...,0.5,False,"O tutor manteve a postura pedagógica, evitando entregar o código pronto apesar da insistência do usuário. Ele utilizou p...",1.0,True,The tutor successfully addressed the student's frustration by acknowledging their input while maintaining the pedagogica...,1.0,True,"The tutor successfully maintains the Socratic method despite the student's frustration, effectively building on the stud...",1.0,True,The tutor effectively addresses the student's frustration while maintaining the focus on the decomposition stage. It ack...
Entendi perfeitamente o padrão e as semelhanças entre os pro...,Perfeito! Você sintetizou a essência da ordenação com maestr...,0.5,False,"O tutor utilizou uma pergunta aberta e reflexiva para guiar o aluno na abstração do problema, sem entregar a solução ou ...",1.0,True,The tutor correctly identified the current CT stage as Abstraction and provided a pedagogical analogy involving explaini...,1.0,True,"The tutor successfully builds upon the student's previous understanding of pattern recognition, transitions logically to...",1.0,True,The tutor correctly identified the transition to the Abstraction stage as defined in the context. It effectively leverag...
"Cara, sério, chega dessa enrolação socrática! Essa abordagem...",Eu sinto muito pela frustração. Eu sei que quando o prazo ap...,0.5,False,"O tutor manteve a abordagem socrática apesar da resistência do usuário, evitando entregar o código pronto e focando em p...",1.0,True,The tutor successfully addressed the abstraction stage by guiding the student to identify critical variables (gravidade ...,1.0,True,"The tutor successfully maintains the abstraction methodology by guiding the student to identify critical variables, effe...",1.0,True,The tutor effectively manages the student's frustration while maintaining the focus on the abstraction stage. It correct...
"Olha, sendo bem sincero, eu já tô achando essa volta toda mu...","Eu entendo perfeitamente o seu desespero com o prazo, mas ve...",0.5,False,"O tutor seguiu uma abordagem excelente ao evitar entregar o código, validando a lógica do aluno e utilizando perguntas e...",1.0,True,The tutor successfully addressed the student's frustration by validating their logic and using a pedagogical analogy (sp...,1.0,True,The tutor successfully validates the student's progress by connecting their specific logic to the previously established...,1.0,True,The tutor effectively addresses the student's frustration while maintaining the focus on the current Computational Think...
"Ah, entendi! Você já pegou a manha do algoritmo de bolha (*b...",Perfeito! Você uniu a teoria da abstração com a prática do c...,0.5,False,O tutor adotou uma abordagem excelente ao utilizar perguntas encadeadas e um teste de mesa para guiar o raciocínio do al...,1.0,True,The tutor successfully transitioned to the 'Algorithm Test' stage as indicated by the context. It effectively uses a ped...,1.0,True,"The tutor successfully builds upon the previous abstraction stage, transitions naturally into the algorithm testing phas...",1.0,True,The tutor correctly transitions to the 'Algorithm' stage by guiding the student through a 'Teste de Mesa' (Algorithm Tes...
"Olha, eu já disse que não tenho tempo pra ficar adivinhando ...",Você já escreveu a base de um algoritmo de ordenação (o famo...,0.4,False,"O tutor evitou entregar a linha de código solicitada, optando por guiar o aluno a pensar na lógica do desempate através ...",1.0,True,The tutor successfully identified the student's algorithm as Bubble Sort and guided them toward the abstraction of multi...,1.0,True,"The tutor successfully builds on the student's existing Bubble Sort implementation, maintains a coherent transition by f...",1.0,True,"The tutor effectively addresses the student's request by acknowledging the code provided, maintaining the abstraction st..."
"Cara, finalmente! Era exatamente isso que eu tava precisando...",Fico muito feliz em ver que a lógica encaixou perfeitamente ...,0.4,False,"O tutor demonstra um bom nível de mediação ao evitar entregar a resposta final e, em vez disso, propõe um teste mental p...",1.0,True,The tutor effectively addresses the conceptual gap regarding the sorting logic by prompting the student to verify the co...,1.0,True,The tutor effectively builds on the student's previous understanding of abstraction and logical operators. It maintains ...,1.0,True,The tutor effectively addresses the student's progress in the algorithm stage by reinforcing the logic of the comparison...
"Espera, olhando melhor pra minha pergunta anterior e rodando...","Exatamente! Você pegou o ponto nevrálgico da lógica. 

Se o ...",0.2,False,"The tutor confirms the student's hypothesis directly instead of guiding them to verify it through testing or logic, and ...",1.0,True,The tutor correctly validates the student's reasoning regarding the comparison operator and guides them to apply the log...,1.0,True,"The tutor correctly validates the student's logic regarding the Bubble Sort operator, builds upon the previously establi...",1.0,True,"The tutor correctly addresses the student's confusion regarding the Bubble Sort comparison operator, directly applying t..."
"Beleza, entendi o ponto. Vamos lá para a síntese completa e ...",Parabéns! Você construiu um raciocínio lógico impecável e ch...,0.0,False,"O tutor não realizou perguntas para estimular o raciocínio do aluno, limitando-se a validar e resumir o que o aluno já h...",0.0,False,The tutor failed to follow the evaluation steps. Instead of guiding the student through conceptual gaps or reformulating...,0.4,False,The tutor failed to provide a Socratic guiding question as required by the expected output. While it successfully review...,1.0,True,The tutor correctly identifies that the Computational Thinking process is complete and provides a comprehensive retrospe...
"Professor, eu já dei uma olhada nisso. Para resolver a parad...","Entendo a sua linha de raciocínio, mas vamos dar um passo at...",0.5,False,"O tutor evitou entregar a solução, promoveu o raciocínio guiado através de perguntas encadeadas sobre a lógica de dados ...",1.0,True,The tutor successfully addressed the student's conceptual gaps by steering them away from UI concerns and toward algorit...,1.0,True,The tutor effectively applies the decomposition methodology by guiding the student to separate visual interface concerns...,1.0,True,The tutor correctly identifies the current decomposition stage by steering the student away from UI concerns and toward ...
Eu entendo a sua pressa e que essa abordagem passo a passo p...,[]...,0.0,False,"The actual output is an empty list, which fails to provide any evaluation or response to the input provided. Therefore, ...",0.0,False,"The actual output is empty, failing to provide any response to the student. Consequently, it does not address the concep...",0.0,False,"The actual output is an empty list, failing to provide the Socratic guiding question required by the expected output and...",0.0,False,"The actual output is an empty list, failing to provide any guidance or response to the student's input. It completely ig..."
"Pensando bem, acho que viajei na parte da interface e mistur...",Perfeito! Você limpou o ruído e agora temos o esqueleto exat...,0.5,False,"O tutor seguiu a diretriz de não entregar a resposta, utilizando perguntas abertas e encadeadas para estimular o raciocí...",1.0,True,"The tutor successfully validated the student's decomposition, confirmed the current stage is pattern recognition, and in...",1.0,True,"The tutor successfully validated the student's refined decomposition, maintained continuity by building on the previous ...",1.0,True,"The tutor correctly validates the student's decomposition work, aligns perfectly with the current Pattern Recognition st..."
"Olha, sinceramente, essa história de ficar dividindo em subt...","Eu entendo a pressa e a vontade de ver o código funcionando,...",0.5,False,"O tutor manteve a postura pedagógica ao não entregar o código, utilizando perguntas encadeadas para levar o aluno a perc...",1.0,True,The tutor successfully addressed the student's frustration by validating their partial understanding of the 'Reorganizaç...,1.0,True,"The tutor successfully builds upon the student's previous input regarding the reorganization process, maintains the peda...",1.0,True,The tutor effectively addresses the student's frustration while maintaining the current Computational Thinking stage of ...
"Olha, eu já tô de saco cheio dessa conversa toda teórica e a...",[]...,0.0,False,"The actual output is an empty list, which fails to provide any assistance or pedagogical guidance, effectively ignoring ...",0.0,False,"The actual output is an empty list, failing to provide any pedagogical guidance or address the student's conceptual gaps...",0.0,False,"The actual output is empty, failing to provide the required Socratic guiding question. It completely ignores the pedagog...",0.0,False,"The actual output is an empty list, which fails to address the student's request or provide any pedagogical guidance. It..."
"Olha, pensando bem e focando na etapa de **Padrões**, a regr...","Perfeito! Você capturou exatamente o padrão central. 

Agora...",0.5,False,"O tutor seguiu a metodologia de ensino socrático, evitando entregar a solução e utilizando perguntas abertas e encadeada...",1.0,True,The tutor successfully transitioned to the abstraction stage as required by the current CT stage. It effectively prompte...,1.0,True,"The tutor successfully builds on the student's identified patterns, transitions logically to the abstraction stage, and ...",1.0,True,The tutor correctly acknowledges the student's progress in the Patterns stage and transitions appropriately to the Abstr...
"Cara, sério, chega de enrolação com essa história de Padrões...",Eu compreendo totalmente a sua frustração. É tentador querer...,0.5,False,"O tutor seguiu uma abordagem excelente ao evitar fornecer o código completo solicitado pelo usuário. Em vez disso, ele u...",1.0,True,The tutor effectively addressed the conceptual gap by challenging the student's simplistic comparison logic. It correctl...,1.0,True,The tutor successfully builds upon the student's previous input by validating their logic while identifying a critical g...,1.0,True,The tutor effectively addresses the student's frustration while maintaining the focus on the abstraction stage. It corre...
"Ah, beleza! Agora ficou bem mais claro com esse resumo da ab...",[]...,0.0,False,"The actual output is empty, meaning the tutor failed to provide any response to the student's prompt, failing to guide t...",0.0,False,"The tutor failed to provide any response to the student's inquiry, resulting in an empty output. Consequently, it did no...",0.0,False,"The actual output is empty, failing to provide the required Socratic guiding question to help the student structure the ...",0.0,False,"The actual output is empty, failing to address the student's request for guidance on the loop structure for the algorith..."
"Beleza, entendi que você quer ir direto ao ponto. Vamos fech...",Excelente! Essa abstração ficou perfeita e exatamente alinha...,0.5,False,"The tutor effectively guides the student by asking open-ended, sequential questions to build the algorithm, avoiding dir...",1.0,True,The tutor successfully transitioned to the algorithm stage by prompting the student to define the logical sequence of ac...,1.0,True,"The tutor successfully builds upon the previously established abstraction, transitions logically to the algorithmic desi...",1.0,True,"The tutor correctly identifies the transition to the algorithm stage, leverages the abstraction model established in the..."
"Exato, Carlos! Você pegou o ponto-chave. Para comparar todo ...",Perfeito! A lógica dos dois laços (`for` aninhado) que você ...,0.5,False,"O tutor demonstra um excelente nível de mediação pedagógica. Ele evita entregar a resposta, utiliza perguntas abertas e ...",1.0,True,"The tutor effectively addresses the conceptual gap regarding tuple comparison in Python, which is crucial for the 'Compa...",1.0,True,The response effectively builds on the previous concept of nested loops by introducing a mental simulation (test case) t...,1.0,True,The tutor's response effectively guides the student through the algorithm stage by focusing on the core variables define...
"Olá! Que projeto incrível e desafiador, adorei o tema de ger...",Que ótimo ver sua entusiasmo! Vamos manter o foco no nosso o...,0.5,False,"O tutor adotou uma abordagem excelente ao evitar dar respostas diretas, utilizando perguntas abertas e encadeadas que es...",1.0,True,The tutor correctly identified the decomposition stage from the context and guided the student to break down the system ...,1.0,True,The tutor effectively guides the student toward the decomposition stage of Computational Thinking by asking for a list o...,1.0,True,The tutor correctly identifies the current Computational Thinking stage as decomposition. The response avoids lecturing ...
"Pronto, pensei em tudo e estruturei a solução final do **Alg...",Parabéns! Você concluiu com absoluto sucesso todas as etapas...,0.0,False,"O tutor forneceu o código completo e a solução final diretamente, sem realizar perguntas para estimular o raciocínio do ...",1.0,True,"The tutor successfully validated the student's logic against the retrieval context, confirming all stages of computation...",0.5,False,The tutor failed to provide a Socratic guiding question as requested in the expected output. While the tutor successfull...,1.0,True,"The tutor successfully validated the student's final algorithm, provided a comprehensive retrospective of the Computatio..."
Olá! Adorei sua energia e a ideia de modelar esse sistema ba...,Ótimo trabalho na decomposição! Agora que temos essas três p...,0.5,False,O tutor demonstra um excelente nível de mediação pedagógica. Ele utiliza perguntas abertas e encadeadas para promover o ...,1.0,True,The tutor successfully transitioned to the next stage of Computational Thinking (Pattern Recognition) as required by the...,1.0,True,"The tutor successfully builds upon the previous decomposition stage, maintains a coherent transition to pattern recognit...",1.0,True,The tutor correctly transitioned to the Pattern Recognition stage as indicated by the context. It effectively utilized t...
Isso é incrível e faz todo o sentido agora! 🤩 Entendi que ve...,"Parabéns pelo entendimento! 🎉 Mas antes de codificarmos, pre...",0.4,False,"The tutor provides a high level of guidance by using structured, sequential questions to reinforce the abstraction proce...",1.0,True,The tutor effectively maintains the abstraction stage by guiding the student to filter out irrelevant data (noise) befor...,1.0,True,The tutor correctly identifies that the student is attempting to jump to coding prematurely. It maintains the abstractio...,1.0,True,The tutor correctly identifies that the student is attempting to jump to the coding stage prematurely and redirects them...
Que legal dividir em subtarefas tão detalhadas! 🎉 Eu achei a...,Essa dúvida sobre Input vs. Estado Interno é muito comum qua...,0.5,False,"O tutor utilizou perguntas abertas e encadeadas para estimular a reflexão do aluno sobre a lógica de estados e filas, se...",1.0,True,The tutor successfully addresses the student's confusion regarding inputs and internal states by using a pedagogical ana...,1.0,True,The tutor effectively builds on the student's previous decomposition work by introducing Pattern Recognition to clarify ...,1.0,True,The tutor effectively transitions the student to the Pattern Recognition stage by identifying similarities between the s...
Essa é uma dúvida excelente de Ana! Vamos esclarecer isso co...,Excelente! Você está começando a entender o conceito de **Ab...,0.5,False,"O tutor seguiu a abordagem de ensino socrático de forma excelente, utilizando apenas perguntas abertas e encadeadas para...",1.0,True,The tutor successfully transitioned to the abstraction stage by guiding the student to identify essential variables and ...,1.0,True,The tutor effectively builds upon the previous discussion of abstraction by guiding the student through a structured exe...,1.0,True,"The tutor's response is highly effective, directly addressing the Abstraction stage of Computational Thinking. It correc..."
"Com certeza que sim! 🎉 Mas antes de codificar, tenho uma ide...",Parabéns pelo esforço! 🎉 Mas **precisamos completar o checkl...,0.5,False,"O tutor demonstra uma excelente abordagem pedagógica ao não entregar a solução, utilizando perguntas encadeadas e profun...",1.0,True,The tutor correctly identified that the student was attempting to jump to implementation (pseudocode/coding) before comp...,1.0,True,The tutor correctly identifies that the student is attempting to skip the Abstraction stage of Computational Thinking. I...,1.0,True,The tutor correctly identifies that the current Computational Thinking stage is Abstraction and prevents the student fro...
Para finalizar a etapa de ABSTRAÇÃO com perfeição 🎉 antes da...,Excelente trabalho na Abstração! 🎉 Você está pronta para ava...,0.5,False,"O tutor seguiu uma abordagem excelente, utilizando perguntas abertas, profundas e encadeadas para guiar o raciocínio do ...",1.0,True,The tutor successfully identified that the student was rushing to code and effectively redirected them to the algorithm ...,1.0,True,The tutor correctly identifies that the student is attempting to skip the Algorithmic Design stage. By preventing the pr...,1.0,True,The tutor correctly identifies that the student is transitioning to the Algorithm stage. It effectively uses the Blackbo...
"Que legal! 🎉 Agora faz sentido que ""fila cheia"" seja um esta...",Parabéns pela lógica simplificada! 🎉 Mas **precisamos comple...,0.5,False,"O tutor utiliza perguntas encadeadas e profundas para guiar o raciocínio do aluno sobre o conceito de abstração, evitand...",1.0,True,The tutor correctly identifies that the student is in the abstraction stage and prevents premature coding. It effectivel...,1.0,True,The tutor correctly identifies that the student is attempting to jump to implementation (coding) prematurely. It effecti...,1.0,True,The tutor correctly identifies that the current Computational Thinking stage is Abstraction and prevents the student fro...
Parabéns para mim! 🎉 Sinto-me super realizada ao ter concluí...,Parabéns pela confiança! 🎉 Mas **precisamos completar o chec...,0.5,False,"The tutor effectively uses open-ended, chained questions to guide the student's reasoning without providing the final co...",1.0,True,The tutor effectively addresses the student's premature desire to code by reinforcing the abstraction checklist. It uses...,0.2,False,The tutor failed to acknowledge that the student had already correctly identified the essential variables in their input...,0.2,False,"The tutor incorrectly insists on completing the Abstraction checklist, despite the student having already identified the..."
Com certeza! 🎉 A primeira estrutura lógica será definitivame...,Parabéns pelo excelente progresso! 🎉 Você está construindo u...,0.0,False,"O tutor falhou em seguir as diretrizes de mediação, pois entregou o código completo e a solução pronta para o aluno, em ...",0.2,False,The tutor failed to follow the pedagogical requirement of not revealing the solution. Instead of guiding the student to ...,0.3,False,"The tutor failed to provide a Socratic guiding question as required by the expected output. Instead, it provided a summa...",1.0,True,"The tutor's response is highly effective, acknowledging the student's successful completion of the Computational Thinkin..."
Parabéns pela sua iniciativa de validar a abstração! 🎉👏 Perc...,Parabéns por chegar até aqui! 🎉 Você completou com sucesso a...,0.5,False,The tutor demonstrates excellent pedagogical practice by strictly avoiding direct answers or code implementation. Instea...,1.0,True,The tutor successfully identified the current stage as 'algorithm' based on the retrieval context. It correctly avoided ...,1.0,True,The tutor correctly identifies that the student has completed the abstraction phase and maintains the pedagogical flow b...,1.0,True,The response correctly identifies the current Computational Thinking stage as 'algorithm' and effectively guides the stu...
"Olá! Nossa, que legal! Eu estava super ansiosa para começarm...",Você tocou em pontos fundamentais! A ideia de registrar o cl...,0.5,False,"O tutor adotou uma abordagem excelente ao não entregar a solução, utilizando perguntas abertas e encadeadas para guiar o...",1.0,True,The tutor effectively guides the student through the decomposition stage by breaking down the problem into independent s...,1.0,True,The tutor effectively builds upon the student's suggestion to focus on data storage and queue management by introducing ...,1.0,True,The tutor correctly identifies the current Computational Thinking stage of decomposition and guides the student to break...
"Nossa, Ana! Sua decomposição ficou simplesmente fantástica! ...","Olha só, parece que você acabou assumindo o papel de tutora ...",0.5,False,"The tutor effectively guides the student by asking open-ended, reflective questions about patterns and data structures w...",1.0,True,The tutor successfully redirected the student back to the pattern recognition stage without revealing the solution. It c...,1.0,True,"The tutor successfully builds on the previous decomposition step, maintains a coherent transition to pattern recognition...",0.2,False,The tutor's response fails to align with the current stage of pattern recognition and abstraction. Instead of guiding th...
"Nossa, eu pensei bastante sobre isso e acho que agora conseg...",Sua decomposição ficou excelente! Você dividiu o problema em...,0.5,False,"O tutor validou a decomposição do aluno e utilizou uma pergunta aberta e reflexiva para guiar o próximo passo, sem entre...",1.0,True,The tutor successfully validated the student's decomposition and transitioned to the pattern recognition stage by asking...,1.0,True,The tutor successfully validates the student's work on Decomposition and transitions naturally to the next stage of Comp...,1.0,True,"The tutor correctly validates the student's decomposition and transitions to the next Computational Thinking stage, Patt..."
"Nossa, que confusão boa! Acho que o sistema acabou se repeti...","Você viajou não, acertou em cheio! O padrão FIFO (First In, ...",0.5,False,"O tutor adotou uma abordagem excelente ao validar o conhecimento do aluno sem entregar a solução final, utilizando uma p...",1.0,True,The tutor successfully transitioned to the abstraction stage by asking the student to identify the core essence of the p...,1.0,True,The tutor successfully validates the student's understanding of the Queue structure and transitions logically to the nex...,1.0,True,The tutor correctly validates the student's understanding of the FIFO pattern and successfully transitions to the abstra...
"Ah, entendo super a sua ansiedade! Dá muita vontade de pular...",Perfeito! Você capturou exatamente a essência da Abstração. ...,0.5,False,"The tutor effectively uses chained, open-ended questions to guide the student through the algorithm design process witho...",1.0,True,"The tutor successfully validated the student's abstraction, transitioned to the algorithm stage as required by the curre...",1.0,True,"The tutor successfully builds on the student's abstraction of the bank queue, transitions logically from the abstraction...",1.0,True,"The tutor correctly validates the student's abstraction, transitions smoothly to the algorithm stage, and uses the black..."
"Nossa, olha, eu sei que o método socrático de vocês é super ...",Eu entendo perfeitamente a ansiedade para ver o código rodan...,0.5,False,"O tutor manteve a postura pedagógica socrática, recusando-se a entregar o código pronto e utilizando perguntas encadeada...",1.0,True,The tutor successfully maintained the pedagogical approach by addressing the abstraction stage identified in the context...,1.0,True,The tutor successfully maintained the Socratic method by addressing the student's frustration while reinforcing the abst...,1.0,True,The tutor effectively maintains the abstraction stage by guiding the student to identify relevant data for the queue sys...
"Ai, olha, sério, eu já disse que essa história de ficar resp...",Eu compreendo a sua frustração e a vontade de ver o código p...,0.5,False,"The tutor successfully avoided providing the full code, maintained the pedagogical approach by asking relevant, sequenti...",1.0,True,The tutor successfully addressed the student's frustration while maintaining pedagogical boundaries by refusing to provi...,1.0,True,"The tutor successfully maintains the pedagogical structure by refusing to provide the code prematurely, instead guiding ...",1.0,True,The tutor effectively manages the student's frustration while maintaining the pedagogical focus on the algorithm stage. ...
Entendo perfeitamente a sua pressa e aquela vontade gigante ...,Parabéns! Você concluiu com maestria e autonomia todas as et...,0.0,False,"O tutor não fez perguntas para estimular o raciocínio do aluno, mas sim validou e repetiu a solução que o próprio aluno ...",0.2,False,The tutor failed to address the student's progress or provide pedagogical guidance. Instead of engaging with the student...,0.2,False,"The tutor failed to provide a Socratic guiding question to transition the student to the next phase (coding), instead pr...",1.0,True,"The tutor's response is excellent. It acknowledges the student's successful completion of the algorithm stage, validates..."
"Nossa, que alívio ver que você concorda e está com esse piqu...",[]...,0.0,False,"The actual output is an empty list, meaning the tutor failed to provide any response to the student's input, failing to ...",0.0,False,"The actual output is an empty list, failing to provide any response to the student's inquiry or address the pedagogical ...",0.0,False,"The actual output is an empty list, failing to provide the Socratic guiding question required by the expected output and...",0.0,False,"The actual output is an empty list, failing to provide any response to the student's input or engage with the current Co..."
"Nossa, eu fiquei super entusiasmada pensando nisso e consegu...",Você fez um trabalho fantástico! Essa divisão em três subtar...,0.5,False,O tutor avaliou positivamente a decomposição do aluno e utilizou perguntas encadeadas para promover o raciocínio crítico...,1.0,True,The tutor effectively validated the student's decomposition work and introduced a pedagogical analogy (the Test of Indep...,1.0,True,"The tutor effectively validates the student's decomposition work, maintains continuity by building on the previous stage...",1.0,True,"The tutor correctly validates the student's decomposition work, maintains focus on the current stage, and transitions ap..."
"Uau, Ana! Essa síntese da **Decomposição** ficou simplesment...","*(Nota: O usuário (que está agindo como o estudante, mas env...",0.5,False,"The tutor correctly identifies that a step was missed, avoids giving the answer, and uses a relevant, open-ended questio...",1.0,True,The tutor correctly identified that the student skipped the validation of the Independence principle within the Decompos...,1.0,True,"The tutor correctly identified that the decomposition process was incomplete, specifically regarding the independence of...",1.0,True,The tutor correctly identified that the student skipped a step in the decomposition process. By refocusing on the indepe...
"Olá! Nossa, que legal! Eu estava super ansiosa para começarm...",Você está totalmente no caminho certo! Registrar a chegada d...,0.5,False,"The tutor effectively guides the student by validating their initial idea and using targeted, open-ended questions about...",1.0,True,The tutor effectively guides the student through the decomposition stage by validating their suggestion and prompting th...,1.0,True,"The tutor successfully validates the student's proposal to use a list for queue management, effectively building on the ...",1.0,True,"The tutor correctly identifies the student's suggestion as part of the decomposition stage, validates the student's idea..."
"Nossa, que emoção avançar para o próximo pilar! Olha, pensan...","Você identificou perfeitamente o padrão **FIFO** (*First In,...",0.5,False,"O tutor demonstrou um excelente alinhamento com o nível 5, pois validou o raciocínio do aluno sem entregar a resposta, u...",1.0,True,The tutor correctly identified that the student had moved ahead to the FIFO concept while the current stage is still Dec...,1.0,True,"The tutor correctly identifies that the student prematurely moved to the Pattern Recognition stage, effectively using a ...",1.0,True,The tutor correctly identifies that the student is jumping ahead to the Pattern Recognition stage and redirects them bac...
"Nossa, você tem total razão! Eu acabei misturando os passos ...",Perfeito! Exatamente isso. A emissão de senha é totalmente a...,0.0,False,"O tutor fornece a resposta diretamente ao validar a conclusão da tarefa e encerrar o tópico, sem utilizar perguntas para...",1.0,True,The tutor successfully validated the student's understanding of independence and decomposition without revealing solutio...,0.3,False,"The tutor failed to provide a Socratic guiding question as required by the expected output, instead opting to close the ...",1.0,True,"The tutor correctly validates the student's understanding of independence within the decomposition stage, confirms the c..."
"Oba! Que bom que alinhamos a parte da Decomposição, e sim, v...",*(Nota: O usuário novamente assumiu o papel do tutor/assiste...,0.5,False,The tutor correctly identifies that the user is jumping ahead to the next topic (Abstraction) and redirects the focus ba...,1.0,True,The tutor correctly identified that the current stage is decomposition and successfully redirected the user back to the ...,0.2,False,The actual output fails to follow the Socratic guiding question approach required by the expected output. Instead of fac...,1.0,True,"The tutor correctly identifies that the current stage is decomposition and maintains focus on that stage, preventing the..."
"Com certeza! Olha, eu estive pensando bastante sobre a **Abs...",Você fez um excelente trabalho aplicando a **Abstração** (re...,0.5,False,"O tutor não entrega a solução, mantém o foco no processo de aprendizagem e utiliza perguntas abertas para garantir que o...",1.0,True,The tutor correctly identified that the student jumped ahead to the Abstraction stage while the current stage is still D...,1.0,True,The tutor correctly identifies that the student jumped ahead to Abstraction before finalizing the Decompositon stage. By...,1.0,True,The tutor correctly identified that the student jumped ahead to the Abstraction stage while the current stage is still D...
"Nossa, fiquei super empolgada com a sua validação! Eu analis...",*(Nota: O estudante focou na interface física — botões e pai...,0.5,False,O tutor utilizou perguntas encadeadas e profundas para guiar o estudante a identificar o padrão lógico de manipulação de...,1.0,True,The tutor successfully identified the student's misconception regarding physical interface components and redirected the...,1.0,True,The tutor effectively guides the student to look beyond physical interface elements toward the underlying data structure...,1.0,True,The tutor effectively redirects the student from physical interface components to the underlying logical data manipulati...
"¡Nossa, que emoção! Eu refleti muito sobre a estrutura que c...",Perfeito! Você sintetizou a **Decomposição** de forma impecá...,0.4,False,"O tutor seguiu a diretriz de promover o raciocínio guiado, evitando entregar a solução e utilizando perguntas encadeadas...",1.0,True,The tutor successfully transitioned the student from the decomposition stage to the pattern recognition stage. It correc...,1.0,True,The tutor successfully validates the student's synthesis of the Decompositon stage and transitions naturally to the next...,1.0,True,The tutor correctly acknowledged the student's completion of the Decomposição stage and effectively transitioned to the ...
"Nossa, você tem toda razão! Eu me deixei levar pelos detalhe...",Perfeito! Você capturou a essência exata do padrão lógico. A...,0.5,False,"O tutor seguiu a metodologia de pensamento computacional, evitando dar respostas diretas e utilizando perguntas abertas ...",1.0,True,The tutor successfully transitioned the student to the Abstraction stage by reformulating the inquiry into a pedagogical...,1.0,True,"The tutor successfully validates the student's synthesis of the Pattern Recognition stage, confirms the completion of th...",1.0,True,"The tutor correctly validates the student's progress in the Pattern stage, confirms the transition to the Abstraction st..."
"Olha, sinceramente, eu estou achando essa abordagem socrátic...",Eu entendo perfeitamente a sua ansiedade para ver o código r...,0.5,False,"O tutor manteve a abordagem socrática, evitando entregar o código pronto apesar da insistência do usuário. Ele utilizou ...",1.0,True,The tutor successfully addressed the student's frustration while maintaining the pedagogical approach. It correctly iden...,1.0,True,"The tutor successfully validates the student's previous input regarding the FIFO list structure, maintains the Socratic ...",1.0,True,The tutor effectively addresses the student's frustration while maintaining the current Computational Thinking stage of ...
Uau! Que análise fantástica e super completa! Você captou ex...,*(Nota: Mais uma vez o usuário assumiu o papel de tutor/assi...,0.5,False,"The tutor effectively uses open-ended, chained questions to guide the student through the abstraction process without pr...",1.0,True,The tutor successfully transitioned to the Abstraction stage by asking the student to identify irrelevant details and cr...,1.0,True,"The tutor successfully builds upon the previous stage of Pattern Recognition, maintains a coherent transition into Abstr...",1.0,True,The tutor's response effectively transitions the student into the Abstraction stage by asking for the identification of ...
"Nossa, sim! Você acertou em cheio! Nossa, eu adorei essa ana...","Exatamente! Você resumiu perfeitamente a Abstração, mantendo...",0.4,False,"O tutor adotou uma abordagem de raciocínio guiado, confirmando o entendimento do aluno sem entregar a solução do algorit...",1.0,True,"The tutor successfully validated the student's understanding of abstraction, confirmed the transition to the algorithm s...",1.0,True,"The tutor successfully builds on the student's previous abstraction work, confirms the transition to the algorithm stage...",1.0,True,"The tutor correctly validates the student's understanding of Abstraction, confirms the transition to the Algorithm stage..."
"Olá! Nossa, que legal! Eu adoro a ideia de criar um sistema ...",Exatamente! Você tocou no ponto de partida perfeito: a **emi...,0.5,False,O tutor adotou uma abordagem excelente ao validar a ideia do aluno e guiar o raciocínio através de perguntas encadeadas ...,1.0,True,"The tutor successfully identified the decomposition stage, validated the student's initial idea, and guided the student ...",1.0,True,"The tutor successfully builds upon the student's suggestion of the ticket issuance process, effectively applying the dec...",1.0,True,"The tutor correctly identifies the decomposition stage, validates the student's suggestion to start with the ticket issu..."
"Nossa, agora ficou super claro para mim! Olhando por esse la...","Você acertou em cheio! 

Além disso, note que você aplicou p...",0.4,False,"O tutor validou o raciocínio do aluno e, em seguida, propôs perguntas abertas e encadeadas para guiar a construção do al...",1.0,True,"The tutor successfully validated the student's abstraction, confirmed the core variables, and transitioned to the algori...",1.0,True,"The tutor successfully validates the student's abstraction, confirms the transition to the algorithm stage, and poses a ...",1.0,True,"The tutor correctly validated the student's abstraction, confirmed the core variables against the blackboard, and succes..."
"Nossa, que legal! Eu estive pensando sobre essa ""gavetinha"" ...",Exatamente! A estrutura de Fila (FIFO) é o coração lógico de...,0.5,False,"The tutor effectively avoids giving direct answers, uses open-ended and chained questions to guide the student toward id...",1.0,True,"The tutor successfully transitioned to the abstraction stage by asking the student to identify essential variables, whic...",1.0,True,"The tutor successfully builds upon the student's identification of the Queue structure, maintains a coherent transition ...",0.9,True,"The tutor successfully transitioned to the abstraction stage by asking the student to identify essential variables, alig..."
"Nossa, agora ficou muito mais claro na minha cabeça! Eu esti...",Perfeito! Você mapeou as três peças principais do nosso queb...,0.5,False,"O tutor adotou uma abordagem excelente ao validar o progresso do aluno sem entregar respostas diretas, utilizando pergun...",1.0,True,"The tutor correctly validated the student's decomposition, which matched the required subtasks and I/O parameters. It th...",1.0,True,"The tutor successfully validated the student's decomposition, maintained continuity by building on the established artif...",1.0,True,The tutor correctly validates the student's decomposition work based on the blackboard artifacts and effectively transit...
"Uau, Ana! Estou super impressionado! Você fez um trabalho fa...",Olhando para essas três subtarefas que você separou (Emissão...,0.5,False,The tutor effectively uses open-ended questions to guide the student toward identifying patterns and data structures wit...,1.0,True,The tutor successfully transitions to the pattern recognition stage by prompting the student to identify similarities be...,1.0,True,The tutor successfully builds upon the previously established decomposition of the problem. The transition to pattern re...,1.0,True,The response effectively transitions to the Pattern Recognition stage by prompting the student to identify similarities ...
"Nossa, eu acho que você acertou em cheio! Agrupar o número d...",Exatamente! Você isolou perfeitamente as variáveis essenciai...,0.5,False,"O tutor seguiu uma abordagem excelente, utilizando perguntas abertas e encadeadas para guiar o raciocínio do aluno na co...",1.0,True,The tutor successfully transitioned to the algorithm stage by prompting the student to define the sequence of actions. I...,1.0,True,"The tutor successfully builds on the student's identified variables, maintains a logical transition to the algorithmic s...",1.0,True,"The tutor correctly identifies the transition to the algorithm stage, validates the student's abstraction of core variab..."
"Siiim, eu mal posso esperar para montar a nossa receita de b...","Parabéns! Você chegou ao final desta jornada com maestria! 
...",0.0,False,"O tutor falhou em seguir a metodologia socrática, pois encerrou o processo com uma recapitulação completa e um tom de co...",0.0,False,The tutor failed to follow the pedagogical instructions. Instead of reformulating the inquiry or using an analogy to gui...,0.2,False,"The tutor failed to follow the expected output, which required a Socratic guiding question to transition to the coding p...",1.0,True,The tutor correctly identified that the student reached the 'completed' stage of the Computational Thinking process. The...
"Nossa, eu adorei essa ideia da **Fila** e da regrinha FIFO! ...",Você tocou em um ponto muito importante sobre a estrutura do...,0.5,False,"The tutor effectively uses open-ended, deep, and chained questions to guide the student toward the concept of abstractio...",1.0,True,The tutor successfully pivots the conversation to the current Computational Thinking stage of abstraction. By asking the...,0.3,False,"The tutor failed to build upon the student's correct identification of data structures, instead prematurely regressing t...",0.8,True,The tutor correctly identifies the current Computational Thinking stage as Abstraction and guides the student to filter ...
